id,job_title,company,description,city,location,apply_link
WXZ2Y0pZTzVCcmVMLTlRWEFBQUFBQT09OkVzc0JDb3dCUVVwcFZEUjBURGxoYWtobVN6bFRkR1JVWm1aNWEydFVTbHBzWldacGNYQTVVM1ZqVDFNdFVWTllSRVI1YWpSVE5FbEphRVpCTFhKSFNGTkxObGgzTjJsSlpuWnlRMkZZTW5oMWNqTlJjRWw0TUdzNE9FZHhkekpqYjNWRk5UTXROR1J6VEU1VlgwZG5XR1ZNU0VwdWEwNTBhVzEyYldoSVkyRldNelF4YVZGbVJ6SXdPRXA2VG1vM1ZEWVNGbTlTTFRsaGNXNDFSVTFVVjNObFRWQTFkRGRrVjBFYUlrRkVjM0k1WmxKZk5GODRZekJKV1ZKMlQzaFNWVkoyYzNwNVYxZFFZa2xLTTJj,Business Analytics Internship in Mumbai,YuvaIntern,"Learn business problem solving, data cleaning, dashboard development, and data-driven decision making through practical work-from-home activities.",Mumbai,"Mumbai, Maharashtra",https://yuvaintern.com/internship/business-analytics-intern-internship-in-mumbai
UFl1TjE1aE9UM2NMb183WUFBQUFBQT09OkVzc0JDb3dCUVVwcFZEUjBTVzk1YmkxYVQwOVlZWFJVWmpJeWMxb3lha1I2T0VvemVWOU9aSGhDYjFob04yRnNkRzUzVWkxSFJtWmZTbGhaVUMxSmJ6RlZabGhHYlVOQmNuRkNNSEZKYlZJMFZqSXRaREZJUlZkYVZYTllVWEoyYUU5d1JVWmxXbmc0TmtkNWVGZ3RVbVE1T1MxbUxYVXdkRkl5VVZwYU1qbEVMVGhUYW1SbU4zcFJiV0pQWkZabVpEVVNGbTlTTFRsaGNXNDFSVTFVVjNObFRWQTFkRGRrVjBFYUlrRkVjM0k1WmxOcmNVMW9hSFp1VDNKd2MzVlJhVGxXWW1Jek5GRkVNVnBqWDJj,Data Science - Internship (WFH),Applied Generative Solutions,"About the internship:
As a Data Science intern at Applied Generative Solutions, you will have the opportunity to build on and go very deep in the areas of statistical and machine learning modeling. Yo...",N/A,Anywhere,https://internshala.com/internship/detail/work-from-home-data-science-internship-at-applied-generative-solutions1790500387
N0RiTFI5Z3dRT3MxZ2tvLUFBQUFBQT09OkVzc0JDb3dCUVVwcFZEUjBURlJDV0VsT05qaEdRakZVUzNOR04wNHRZazR6VDNGcU4xTnRZalJ3Y21Gc0xXRk5ZMUZ5WTJGUGVGbG5RVlJ3VlRGcU9VbHVNV2hNYTNwRVZVbFlUblJwVDNsSmJWOWtlV2hJTlZGNE1DMU1hM05LYW10VmRtVm1RV1ZoYkV4WlUxaERNMFUwTkdaNlpXNWpVM05QTjFwSGNISkdhWFp4UzBNMk9IUnVOWFJJV1d4VWMwY1NGbTlTTFRsaGNXNDFSVTFVVjNObFRWQTFkRGRrVjBFYUlrRkVjM0k1WmxRMlNFUnVNek50YmpaWGVETkNNWGgxZUVwc2IyUmFPVU5EWkZF,Placement Operations & Analytics Intern (Mumbai),Newton School of Technology,"About Newton School of Technology Newton School of Technology (NST)

is a 4-year B.Tech program in Computer Science & AI, founded by IIT alumni, focused on building strong technical skills through han...",Mumbai,"Mumbai, Maharashtra",https://in.jobrapido.com/jobpreview/3377490398854250496
UHg4bDBleHNzMkNNQlZYU0FBQUFBQT09OkVzc0JDb3dCUVVwcFZEUjBTVmwxTjJvMVJsWTRUVkYyVlVnM1JWcFFaREJ6UlRKb2FUZDRRVlI2YWt0M1ZEWjNlamhCWTFoSkxUaGhNblEyV21kVFNtcHZhVVpuVlhGdFdXRXRlbW96VFdVdGNFRXdSbkZRZFRKR1JYa3dZalpMUW1oSE5XMWhibFl5VTFSblJtYzRXbnBoY1daRFZrOWtlVEJGUWw5VGJEbGhUbWs0ZVdGck5FcE9XVTl4YTFsTVdqa1NGbTlTTFRsaGNXNDFSVTFVVjNObFRWQTFkRGRrVjBFYUlrRkVjM0k1WmxOTGNVWlZaMnBOTWpWb1EycHVWQzFVY2taa09IQXdiSGR1Y2xF,Junior Data Science Analyst - Agriculture & Agribusiness,YuvaIntern,"As a Junior Data Science Analyst in the Agriculture & Agribusiness sector, you will be responsible for analyzing data related to agricultural processes, crop yields, and market trends. You will use Py...",Mumbai,"Mumbai, Maharashtra",https://yuvaintern.com/internship/junior-data-science-analyst-agriculture-agribusiness-internship-in-mumbai
cTQ1ekUyaTBYXzhtc2xYT0FBQUFBQT09OkVzc0JDb3dCUVVwcFZEUjBTaTF3VjJSMVdXWjVNR3hFVGpSVlFXd3RURzVZYVdSVFlsRmxOM1YwYUU0MVFqZGZNbWhUT0ZWQk5WSm5WMlZQZUhKTE1WVmFXa2xKUkVsTVlVTnRSMVoyWmkxd1prdzVkMEkzVDNaQmRuRmlhRkF3ZFc4NFJrVkVabDlVU1ZsWlYwSkNUMFJ1TjNRNWNtNVVlSEJ5WVRVd1prTkNWVk5ZZUVwNlYxTjZkRzFCY0ROSWJHSVNGbTlTTFRsaGNXNDFSVTFVVjNObFRWQTFkRGRrVjBFYUlrRkVjM0k1WmxKZmIyRllaRkp1TW01eVVYSTFXREpaYlZkTk1EUjBYM05HTlhj,Research & Data Management - Internship,Procon Media,"About the internship:
Are you a detail-oriented, data-savvy individual looking to gain hands-on experience in the world of media research and data management? Look no further! Procon Media is seeking ...",Navi Mumbai,"Vashi, Maharashtra",https://internshala.com/internship/detail/research-data-management-internship-in-vashi-navi-mumbai-at-procon-media1790219026
clN2eUtUYVJ4NnhJaGJGa0FBQUFBQT09OkVzc0JDb3dCUVVwcFZEUjBUR2htWmxaQ2JYWnBkMjVGTXpOV05rSmFSSGxIWkVzeGREaHZiMlZYVm5oblYxcFhiSGc0U2tZeFlVaFpkMVJXYjFsWloyRjNjMGhtVDJVeFkyaFBPV2hwZEZaWlgweG9UM0V4WVRGNFpUa3hRMUpGVlcwMmQySkxkM2g2VW5relQxcEVUV2d4ZG5vMGMxTlVMWE4wYlMxa2FIQXRNVGt3ZWs1YVNqWjJUbkpKUVhaeVRpMFNGbTlTTFRsaGNXNDFSVTFVVjNObFRWQTFkRGRrVjBFYUlrRkVjM0k1WmxKcVpFNDBPVXhGV1ZWVFp6SjFNbFUwYWtWTlQwbFZXRkZ2TVVF,Virtual Healthcare Data Analytics Intern,YuvaIntern,"As a Virtual Healthcare Data Analytics Intern, you will be responsible for assisting in the analysis of healthcare data to extract valuable insights and trends. You will work on real-world healthcare ...",Mumbai,"Mumbai, Maharashtra",https://yuvaintern.com/internship/virtual-healthcare-data-analytics-intern-internship-in-mumbai
UDVSTktnRFV5aW40Yy10YUFBQUFBQT09OkVzc0JDb3dCUVVwcFZEUjBURlV4Y25Cck1qWTJSMTlXYWpGWE5tRlRPVlY2ZGtsTWRFTkhZM3BaTm1OamExOWtaRjlxYzFOV2JUbFhjV1ppYVZWWlIzQlJSMDFtYzBaSlVXTkpkV2x4UW1GWE5sUnNUV294VlhCNU5HOVFhV1p1VWxreU1FczFSa1JYWWtSME5XaHliVGhMYmpsUmEycEVVMUpmTkRKcGJqVkxRbEI2UkZZMmJGQlpSazFhUzNKS2NVVVNGbTlTTFRsaGNXNDFSVTFVVjNObFRWQTFkRGRrVjBFYUlrRkVjM0k1WmxGQk5GbENlRlpxVUVaTFVsbGpWVWxsVVROMVJVaEhUVkJrTVdj,Data Science Internship,Sparks To Ideas,"Sparks to Ideas IT Company is an innovation-driven IT solutions provider focused on building intelligent, data-driven software solutions. We emphasize hands-on learning, live project exposure, and lon...",Amreli,"Amreli, Gujarat",https://in.linkedin.com/jobs/view/data-science-internship-at-sparks-to-ideas-4471335520
ZUdoNWNlZVBfWTdIQ3VLNEFBQUFBQT09OkVzc0JDb3dCUVVwcFZEUjBURzFCZDNoMVZEUXhUbDlYWlhSeFpIRk9ZbkJ4TjFKSllteExVRlpxYmtKaU1tWjZTamd0UjJrMk5XdDRkblpuZVVFNFIwaG1NREJaVUVkcFJrWlhjalkxYmtZeGFVOWlUblU1ZDA0d1FXOVpTRFZHTXpGTk1FcGpjVU5aU1haclQyOVhObXhKZFZGcU5VOXJTM1I1WW1wRmNuUmlRMnR6WWtnNGRXRm1UbGRIU21ReVEwRVNGbTlTTFRsaGNXNDFSVTFVVjNObFRWQTFkRGRrVjBFYUlrRkVjM0k1WmxOVFdIcHpPVWQ2T1RNNFVXcHVZbUpSVFhGZlFXTnlTR0pMUm5j,Data Analytics - Internship (WFH),VPLytics Solutions Private Limited,"About the internship:
Write and execute SQL queries to retrieve required data from databases.

Clean, validate, and transform data before analysis and reporting.

Develop and maintain Power BI reports...",N/A,Anywhere,https://internshala.com/internship/detail/work-from-home-data-analytics-internship-at-vplytics-solutions-private-limited1788952806
dF95VEg5d2ZUOVFuOUtoNUFBQUFBQT09OkVzc0JDb3dCUVVwcFZEUjBTWEpCUTBFd2FFWnBjM0ZwTkZsTWRUQnpORzVSUnpOR2VVZFFWalp4UmpWTlVqazBaek5wVTB4TmJUUXlORkJLVkZSV1RrVTVjMkptU0hKSWNVczBiblIwUzJoeVVHdHRVMkkxY1dsTWRYaFllbGcxT1VKTFpETnJUbE14WkdoUlEzTjRjRGRJVEhCTFgyOXpRVEp2YkdWMFNteElOamRJTldGbFgyODRZbkV6VFZwcWNISVNGbTlTTFRsaGNXNDFSVTFVVjNObFRWQTFkRGRrVjBFYUlrRkVjM0k1WmxKTlIzSmtkRm81YUU4MlZYaGFjbTlPYUZGdk0wZEpXbU5HV1ZF,"Subject Matter Expert (SME) – Python, Artificial Intelligence, Data Science & Business Analytics | J",Cognitel,"Company Description

Cognitel is a forward-looking training and consulting organization in India, dedicated to bridging the gap between academia and industry. Working closely with leading universities...",Mumbai,"Mumbai, Maharashtra",https://bebee.com/in/jobs/subject-matter-expert-sme-python-artificial-intelligence-data-science-business-analytics-j-cognitel---jobted-c143ed723a28d5eab885f95201a9275d
YjA4dXRxZjZBZ0dwQ3RobUFBQUFBQT09OkVzc0JDb3dCUVVwcFZEUjBTVTFQWTAxUmJYcHVNamc1VlZKU2QwdzJMWEIwYVd0WVpYZ3hkMjlZTkZKc1ZuSTVVak0yWDBsU1R6VmZkMVpIZGpoSFEwNHpVMGxFYjBWM0xWVlhRa2RSY1c5dFFWcGFNMk5mWjFwSlFteHhaVGN6YUdscU9XdDRiemx0YlRKMmIzSjNVV3RoTTJoV00wRmZXakY1UVZCbVgxTlVWMGQ2U0dVMFRWSklaM05JZDJnd1pVUVNGbTlTTFRsaGNXNDFSVTFVVjNObFRWQTFkRGRrVjBFYUlrRkVjM0k1WmxOUldrSkRPVWxNUkhGR1ZqRnVVa1Z2YmpNelNWbDFaRVJJT0ZF,Virtual Data Analysis Intern - E-Governance & Digital Services,YuvaIntern,"As a Virtual Data Analysis Intern in the E-Governance & Digital Services sector, you will be responsible for collecting, analyzing, and interpreting data to help drive informed decision-making. This i...",Pune,"Pune, Maharashtra",https://yuvaintern.com/internship/virtual-data-analysis-intern-e-governance-digital-services-pune-2085-internship-in-pune
